;2019;;;2020;;;2021;;;2022;;;2023;;;2024;;
;Nastali komunalni odpadki (tone);Komunalni odpadki, zbrani z javnim odvozom (tone);Odloženi komunalni odpadki (tone);Nastali komunalni odpadki (tone);Komunalni odpadki, zbrani z javnim odvozom (tone);Odloženi komunalni odpadki (tone);Nastali komunalni odpadki (tone);Komunalni odpadki, zbrani z javnim odvozom (tone);Odloženi komunalni odpadki (tone);Nastali komunalni odpadki (tone);Komunalni odpadki, zbrani z javnim odvozom (tone);Odloženi komunalni odpadki (tone);Nastali komunalni odpadki (tone);Komunalni odpadki, zbrani z javnim odvozom (tone);Odloženi komunalni odpadki (tone);Nastali komunalni odpadki (tone);Komunalni odpadki, zbrani z javnim odvozom (tone);Odloženi komunalni odpadki (tone)
SLOVENIJA;1064321,21;749249,56;66323,99;1026009,80;745782,24;65683,34;1091176,65;769029,82;56226,06;1045686,74;760838,22;67865,78;1097811,19;801407,84;77988,60;1118241,98;798720,07;81400,99
Ajdovščina;9599,51;6679,95;270,68;9333,25;7959,24;271,98;11256,35;8558,86;298,57;9590,05;7411,93;319,20;10136,65;7788,62;648,54;10194,68;7244,49;643,68
Ankaran/Ancarano;1841,43;1356,70;53,03;1768,91;1435,98;54,34;1804,45;1499,53;45,99;1868,16;1424,36;23,69;1910,57;1581,35;-;2057,96;1646,59;-
Apače;1754,43;1221,90;226,39;1541,34;1339,79;243,86;1293,57;1168,56;145,16;1576,65;1158,03;82,34;1359,52;1180,77;63,93;1474,82;1164,19;69,20
Beltinci;4051,34;2830,39;414,84;3417,81;2886,57;371,17;3414,78;3031,22;377,06;3783,61;3222,39;253,96;4026,69;3527,95;226,00;4818,67;3969,82;299,70
Benedikt;969,51;579,91;80,84;731,13;561,51;47,19;845,88;705,93;71,08;782,24;556,43;54,27;851,60;606,24;34,66;901,89;625,09;50,35
Bistrica ob Sotli;498,90;297,92;28,71;415,15;326,57;25,76;398,70;352,91;27,81;373,27;285,61;19,41;337,45;288,97;18,05;373,13;297,87;14,74
Bled;5561,63;4378,67;392,19;4088,35;3514,13;282,64;4398,82;3731,08;285,69;4956,35;4082,62;282,24;4974,64;4141,63;359,76;4757,45;4177,42;446,90
Bloke;495,74;259,48;12,54;478,08;362,74;14,97;527,05;468,14;24,09;499,20;463,24;19,39;608,21;570,90;103,03;640,39;538,22;110,73
Bohinj;2934,71;2163,06;545,84;2583,91;2169,23;493,07;2556,08;2248,17;503,62;2810,73;2433,95;522,23;2819,63;2433,74;438,51;2913,77;2510,21;238,97
Borovnica;2353,07;1667,50;26,52;1970,75;1671,57;29,73;1970,58;1674,88;27,66;1939,94;1630,92;26,89;1980,44;1620,61;65,02;2010,53;1550,22;65,77
Bovec;2252,72;1789,24;32,75;2791,08;1693,94;32,32;2781,45;1745,19;32,00;2558,22;1655,81;30,00;2650,70;1744,67;-;2739,78;1758,56;-
Braslovče;2439,09;1597,18;149,81;1980,94;1636,24;117,28;2144,53;1845,79;119,42;2344,20;1925,43;107,83;5456,52;4913,04;125,89;2317,09;1937,27;97,76
Brda;3327,61;2478,46;106,79;3045,70;2698,18;57,45;3006,77;2830,19;6,36;2848,38;2631,40;3,50;2840,20;2620,39;0,40;2967,66;2733,60;28,95
Brezovica;5819,22;3930,49;134,53;4870,48;3881,85;145,01;4622,67;3954,71;147,81;4316,66;3682,01;130,02;4477,59;3890,57;309,27;4851,76;4075,67;319,98
Brežice;10694,06;7051,85;391,80;10435,82;7726,76;176,52;12185,35;7393,77;196,67;10900,33;7613,02;396,11;11008,47;8443,68;1360,92;12124,12;8766,00;1478,68
Cankova;712,45;452,52;79,86;576,46;473,71;74,47;560,21;464,67;75,43;575,96;423,37;41,42;559,81;418,88;29,37;647,23;432,55;27,27
Celje;30009,86;22531,24;2889,59;28880,48;20769,76;2563,07;30249,82;19050,77;2628,79;27459,48;20458,31;2398,44;29970,36;22359,56;2630,38;30528,60;23458,76;2319,09
Cerklje na Gorenjskem;4076,32;2913,56;124,63;3492,16;2907,60;131,78;3593,24;2991,96;124,30;3666,90;2823,45;120,77;4272,75;3318,57;300,75;4211,28;3212,90;293,82
Cerknica;5155,51;3402,78;738,72;4865,08;3571,25;702,42;5703,67;3923,45;702,31;5358,72;4012,03;1222,52;6167,30;3702,91;1117,77;5677,23;4124,52;378,21
Cerkno;1962,89;1272,81;55,91;1510,82;1209,68;55,55;1381,58;1125,05;47,00;1266,73;1046,44;44,87;1265,89;1063,11;105,23;1479,17;1219,49;102,28
Cerkvenjak;766,36;452,75;43,60;551,76;420,32;33,59;682,22;579,81;56,47;561,41;461,35;37,13;600,54;492,26;31,80;660,34;534,02;36,16
Cirkulane;665,88;309,76;45,51;520,40;388,03;19,76;493,53;418,34;10,00;534,77;400,25;5,00;552,66;387,49;11,66;527,13;378,76;13,97
Črenšovci;1552,43;955,67;157,51;1151,69;915,69;145,56;1072,24;942,27;126,68;1213,02;869,88;67,60;1246,23;926,07;57,81;1503,71;979,02;51,66
Črna na Koroškem;1342,72;848,03;157,45;1201,34;819,94;113,85;1574,79;836,76;121,16;1314,15;838,56;104,94;2248,51;1363,38;162,82;1813,43;892,55;152,76
Črnomelj;5642,21;3485,11;325,92;4716,63;3806,51;312,99;4621,42;3921,95;273,98;5210,75;3879,34;361,70;5218,22;3982,91;447,38;4928,51;4021,10;593,26
Destrnik;857,31;462,73;46,18;674,03;481,15;23,27;598,90;511,29;18,50;738,20;464,80;10,00;965,12;481,56;13,48;711,21;476,41;16,83
Divača;1725,24;1092,75;11,77;1628,86;1352,38;9,87;2076,63;1383,92;10,00;2194,72;1410,66;10,00;2103,91;1512,54;-;2056,38;1507,15;-
Dobje;383,68;238,19;24,78;434,09;240,92;16,38;321,29;290,80;22,67;381,91;302,68;18,70;430,26;359,09;24,63;316,56;277,08;22,26
Dobrepolje;1452,21;873,55;69,46;1352,91;1104,00;89,70;1114,61;970,64;32,40;1191,25;913,85;21,48;1155,01;978,95;72,35;980,12;780,83;116,20
Dobrna;1297,06;898,28;97,57;1137,67;937,78;90,91;1212,88;1017,83;85,82;1234,05;979,97;64,85;1354,62;1154,70;85,85;924,21;711,47;65,35
Dobrova - Polhov Gradec;2511,50;1342,71;69,23;2063,35;1595,87;70,26;1913,81;1518,42;62,27;1813,51;1571,43;71,11;2160,78;1756,26;175,06;2101,00;1668,81;164,20
Dobrovnik/Dobronak;510,87;316,82;51,72;412,15;341,31;47,10;411,97;353,48;50,36;456,89;320,67;19,68;456,80;343,29;20,80;555,00;368,46;19,71
Dol pri Ljubljani;2237,54;1288,43;71,28;1997,57;1448,74;67,93;2182,74;1410,45;59,09;2008,92;1260,38;54,54;3030,10;1350,75;123,49;2063,12;1352,75;126,82
Dolenjske Toplice;1600,01;1068,54;34,83;1251,49;1037,39;56,98;1389,74;1156,97;66,73;1274,40;1028,85;79,08;1457,19;1175,83;102,27;1530,13;1283,38;134,35
Domžale;19942,96;14450,47;688,62;19296,54;14763,52;680,07;19889,21;16192,96;565,93;17667,20;14378,62;525,29;22037,15;18341,06;1216,06;19019,07;14718,93;1120,14
Dornava;1074,79;638,45;76,83;1114,29;914,36;29,05;1036,38;929,43;47,52;998,24;837,69;30,08;1004,86;824,79;-;1166,30;997,69;50,45
Dravograd;3549,21;2215,03;336,07;3277,56;2397,36;283,67;4761,90;2417,57;333,43;3572,37;2266,28;294,82;4201,05;2573,21;443,46;12085,80;10740,90;409,84
Duplek;3042,05;1993,43;156,00;2340,25;1938,15;66,81;2257,38;2023,55;100,00;2136,78;1852,25;40,00;2383,74;2108,56;38,77;2700,76;2244,73;46,30
Gorenja vas - Poljane;2439,78;1299,94;36,28;1833,97;1330,84;38,70;1867,60;1352,64;35,23;1758,34;1313,82;35,46;2029,27;1553,70;83,50;1964,91;1420,27;94,36
Gorišnica;1750,99;1133,28;78,36;1467,34;1206,86;40,36;1482,06;1285,94;50,00;1528,66;1228,06;30,00;1584,58;1265,11;-;1684,17;1299,25;13,54
Gorje;1195,54;780,77;128,85;1068,88;888,09;95,81;952,39;824,32;90,03;997,59;790,82;76,82;1093,38;950,65;82,06;1004,15;873,79;71,40
Gornja Radgona;3675,76;2409,12;552,98;3379,57;2517,55;376,69;4601,31;3459,90;383,75;4552,04;3236,83;227,77;4789,36;3338,20;216,95;4627,54;3044,76;177,98
Gornji Grad;972,60;594,77;62,26;770,21;627,65;53,12;753,80;668,91;53,94;661,51;578,49;44,70;1602,07;1520,23;47,61;1280,56;1147,23;43,16
Gornji Petrovci;649,73;349,40;50,01;478,85;357,28;45,11;520,67;392,56;48,33;533,32;364,34;28,99;521,63;381,73;27,81;587,64;424,01;25,21
Grad;748,92;437,88;68,68;561,84;448,33;62,41;542,61;459,69;60,58;598,41;419,58;31,67;518,60;431,70;25,71;579,75;424,66;22,59
Grosuplje;10498,72;7292,55;463,89;9134,03;7558,47;662,74;8902,25;7399,18;505,00;9142,83;7444,30;409,39;9368,35;7717,53;471,67;10518,62;8874,36;1059,78
Hajdina;1844,75;1264,28;85,40;1607,89;1375,47;44,53;1606,48;1446,46;65,10;1717,03;1427,38;40,00;1817,39;1507,64;2,43;2053,86;1566,02;14,35
Hoče - Slivnica;4975,13;3188,78;208,61;4608,14;3715,49;357,53;11658,92;4000,70;176,45;11191,77;4649,76;68,87;10243,08;4976,02;52,82;11985,98;5014,41;2,48
Hodoš/Hodos;162,72;108,75;15,12;131,86;112,37;13,15;120,11;104,00;13,96;102,67;96,93;7,80;112,14;92,06;7,09;125,04;107,63;7,51
Horjul;1189,67;732,53;41,73;949,54;710,08;39,34;966,91;773,77;34,63;844,48;662,72;31,26;848,21;654,82;61,58;927,14;686,29;66,02
Hrastnik;4251,00;2872,94;725,46;4221,85;2993,00;696,00;4027,64;3101,16;847,07;4694,92;2813,28;1034,14;3930,18;2873,97;1246,43;4087,15;2969,12;1294,42
Hrpelje - Kozina;2394,45;1710,85;12,58;1924,04;1495,23;10,55;2007,65;1555,98;10,00;2051,89;1569,38;10,00;2216,19;1751,03;-;2239,43;1768,45;-
Idrija;5279,30;3500,64;208,58;5303,23;4024,56;164,44;4727,37;3812,18;139,15;4585,44;3626,96;132,89;4392,03;3425,25;307,96;4696,90;3584,74;301,57
Ig;3095,46;1953,05;85,34;2715,36;2155,95;101,00;2545,80;2159,36;90,76;2346,10;1916,02;85,53;3398,81;2000,95;188,37;2496,07;2032,83;194,54
Ilirska Bistrica;5843,18;3839,42;1086,28;4885,74;3840,16;839,54;5221,59;4146,42;807,68;4700,60;3787,96;828,71;4748,25;3863,51;929,53;4764,32;3706,90;639,04
Ivančna Gorica;6857,13;4312,09;218,62;6371,80;5060,33;356,89;5963,13;4771,96;287,42;5915,41;4842,88;206,29;6090,84;4979,24;310,33;6314,40;4941,25;567,71
Izola/Isola;10697,94;8230,24;420,13;9472,27;8112,01;795,58;9225,73;8101,00;773,12;9430,14;8088,84;639,49;9423,56;8153,34;674,88;9482,43;8177,66;577,27
Jesenice;10861,67;7670,11;2146,98;13428,44;11911,57;4295,90;12275,68;8903,87;2188,48;9734,85;8025,19;11247,34;10024,56;8108,53;2554,24;10286,43;8348,98;1485,62
Jezersko;297,11;201,37;8,89;193,71;150,47;5,02;239,53;207,41;6,67;248,05;186,24;10,49;256,33;224,52;31,83;233,10;193,26;17,15
Juršinci;917,07;560,19;45,95;728,70;591,16;24,03;617,96;532,66;15,00;747,75;614,32;10,00;699,49;567,86;-;759,67;582,38;9,64
Kamnik;15996,34;11496,23;1623,20;14425,25;12040,84;346,68;14272,58;11957,93;300,69;12799,09;10910,46;346,09;19486,71;17472,68;1343,55;17121,47;14738,94;2490,09
Kanal;2763,20;1963,51;17,31;2776,19;2176,45;53,25;2755,34;2267,74;5,70;2761,97;2071,53;3,07;2499,28;1962,91;0,35;2846,47;2017,25;28,95
Kidričevo;3528,50;2548,93;174,63;2587,91;2077,19;76,40;3412,37;2401,83;45,00;3148,09;2246,86;30,00;3075,18;2287,34;56,41;3455,36;2412,64;61,18
Kobarid;2190,51;1575,66;-;1775,64;1492,72;31,03;1699,93;1538,15;30,00;1651,43;1486,64;30,00;1703,99;1554,09;-;1811,95;1566,14;-
Kobilje;191,08;108,91;18,34;152,02;121,20;17,83;146,93;118,52;14,45;141,39;117,31;9,41;210,81;116,93;7,53;169,42;124,03;7,33
Kočevje;7562,19;5196,88;508,00;6134,04;5012,32;324,50;8492,30;5085,30;318,77;7994,75;5293,39;538,33;7316,55;5495,23;1189,30;7047,82;5508,08;1476,28
Komen;1354,62;819,98;10,14;1431,00;1211,23;8,51;1350,24;1205,54;8,00;1363,29;1206,51;10,00;1797,44;1255,92;-;1422,08;1238,66;-
Komenda;3971,94;3015,29;486,13;3692,10;3148,53;96,12;3492,50;2786,60;441,10;3077,00;2338,96;1461,79;6468,53;5451,95;804,83;4661,85;3437,38;3204,60
Koper/Capodistria;31596,62;23675,03;1446,54;31058,92;23429,59;1427,32;30882,12;23790,69;1140,80;29798,23;22751,69;1489,80;31263,96;23658,65;1988,97;31153,41;23772,99;1602,37
Kostanjevica na Krki;1084,75;716,12;11,34;870,37;616,07;10,73;1181,83;651,49;11,30;1172,15;641,14;8,87;1269,00;844,46;11,40;1158,44;668,50;12,91
Kostel;279,82;182,87;-;204,38;167,05;3,42;205,89;176,87;-;203,56;177,84;-;316,92;197,35;-;233,01;193,60;-
Kozje;1188,20;727,89;70,14;899,34;727,07;57,19;884,12;755,24;62,73;797,46;659,92;42,80;866,52;676,47;46,16;863,55;714,97;39,27
Kranj;38118,58;29567,51;668,15;31236,13;19839,05;649,90;38105,21;31057,61;577,01;39052,52;33229,70;573,24;23364,92;18200,80;1363,69;24108,64;18550,75;1382,80
Kranjska Gora;3171,89;2386,97;568,77;2893,16;2422,26;522,88;3001,21;2481,97;550,96;3238,71;2664,08;578,73;3620,79;2899,92;752,81;3429,26;2739,20;485,65
Križevci;1601,52;1067,04;193,51;1470,98;1125,69;193,99;1404,25;1141,30;167,32;1319,93;1069,22;90,80;1444,01;1090,92;79,62;1485,34;1110,56;82,12
Krško;14360,19;10422,47;163,96;13711,25;10526,76;150,16;14392,49;11006,95;143,75;14758,42;11735,47;113,42;16441,04;12821,61;476,53;16683,07;11403,85;5603,30
Kungota;2261,96;1548,20;26,22;1831,10;1522,58;19,87;1743,24;1546,54;35,25;1881,94;1664,83;20,00;1890,24;1592,81;-;1936,59;1677,82;-
Kuzma;502,45;265,13;39,92;426,72;334,87;42,63;457,01;370,11;48,81;481,08;365,46;27,92;589,32;382,23;23,33;553,05;404,23;23,53
Laško;5877,14;3913,63;646,27;4731,71;3702,61;419,47;4569,22;3684,24;425,38;4599,51;3651,68;359,84;6237,81;4476,18;388,24;4986,22;3918,32;338,39
Lenart;3885,92;2612,94;247,93;3365,99;2591,91;1271,37;4233,70;3252,09;295,82;3988,25;3076,74;277,39;5832,75;2853,93;652,49;4933,01;3915,23;281,76
Lendava/Lendva;4752,27;3174,59;519,36;4114,71;3081,31;528,38;6104,37;3113,16;542,93;3728,36;2726,72;292,17;5054,61;2843,97;255,21;5539,61;2950,89;252,98
Litija;6297,47;3971,20;930,38;5920,78;4511,12;816,79;5214,09;4334,89;1008,73;5131,05;4314,76;1036,93;6697,61;5307,74;1869,92;8683,98;4829,95;1868,82
Ljubljana;169020,75;124676,58;5732,15;194180,25;115720,10;9553,27;206371,39;121702,16;7318,25;196819,38;121077,57;7946,75;191754,56;123122,14;14664,61;211920,40;129529,07;13287,50
Ljubno;849,19;465,17;53,41;723,17;480,67;46,04;702,73;505,78;42,68;814,49;482,09;34,82;1999,61;1722,34;37,78;939,88;682,11;33,51
Ljutomer;5245,21;3546,76;584,18;4563,16;3675,61;573,75;4487,64;3715,58;531,09;4390,28;3544,33;300,76;4387,93;3519,67;249,55;5155,04;3607,21;245,73
Log - Dragomer;1891,13;1340,21;20,42;1511,40;1292,66;22,83;1461,70;1320,89;21,58;1416,86;1312,98;23,31;1430,37;1280,38;54,06;1569,19;1365,39;62,69
Logatec;7511,45;5365,66;0,96;7085,63;5897,65;422,33;6811,05;5297,71;297,22;7164,77;5410,33;421,92;6339,44;5117,28;92,78;6802,90;5276,57;123,14
Loška dolina;1681,05;1108,56;246,24;1480,59;1204,65;234,14;1292,83;1087,70;250,00;1194,21;991,71;250,00;1384,51;1214,06;128,44;1173,31;945,85;-
Loški Potok;799,85;526,95;16,30;616,42;509,89;16,45;594,38;537,35;15,22;543,68;487,27;15,36;585,85;524,77;38,30;565,22;478,97;41,96
Lovrenc na Pohorju;1284,17;835,78;14,23;981,67;814,63;-;1027,95;928,02;14,00;984,18;907,07;10,00;1003,86;892,93;-;1132,74;1007,75;-
Luče;493,34;274,42;32,85;394,47;279,10;26,84;348,20;278,33;25,11;878,06;275,52;20,44;613,56;549,14;22,60;397,96;311,09;18,31
Lukovica;2828,97;1942,13;77,34;2426,32;1969,69;90,68;1992,80;1680,44;76,99;2221,04;1673,13;73,18;2227,95;1796,11;171,03;2472,79;2070,37;159,12
Majšperk;1576,45;963,26;82,17;1075,19;843,22;36,23;1071,66;941,96;20,00;1256,95;905,56;20,00;1461,69;977,44;11,85;1349,40;959,32;24,89
Makole;1058,96;753,65;36,60;476,25;359,24;42,52;577,84;497,69;34,43;612,02;456,18;30,83;492,41;398,43;30,46;518,62;443,32;31,31
Maribor;65944,44;49043,59;1733,45;72145,08;48459,93;1078,61;72664,23;49124,18;492,12;67852,19;48575,01;932,81;65881,83;48234,15;51,55;68570,97;47386,21;301,26
Markovci;1780,44;1177,35;87,52;1411,81;1155,81;40,76;1429,11;1205,23;25,00;1498,47;1259,82;10,00;1680,64;1314,53;-;1731,93;1365,23;13,99
Medvode;7402,06;4891,55;216,55;7781,18;5051,01;243,34;9461,90;5166,63;230,94;9336,94;4929,97;224,10;10668,61;6037,34;514,47;10033,17;5254,30;517,42
Mengeš;4116,81;2888,01;116,01;3685,13;3063,39;136,01;4170,08;3108,56;117,51;3951,67;3144,09;116,64;5792,07;4590,37;267,71;4916,77;3269,75;248,46
Metlika;4199,59;2933,55;299,33;3374,91;2657,45;295,44;3536,82;2776,60;189,41;3675,53;2826,77;260,30;3940,71;3136,74;306,97;3851,84;3024,24;341,58
Mežica;1537,20;1000,60;168,72;1740,78;912,09;125,07;1645,37;973,78;133,79;1297,31;970,06;115,31;1500,03;1172,09;177,55;1354,66;1033,44;168,03
Miklavž na Dravskem polju;3370,79;2341,32;23,64;3673,84;2638,13;-;2895,03;2342,27;21,00;3223,16;2814,74;10,00;3205,28;2829,42;-;3455,97;2883,56;-
Miren - Kostanjevica;2688,54;1938,30;85,78;2472,97;2160,01;49,75;2535,68;2325,15;4,74;2503,36;2200,30;2,79;2600,47;2279,06;0,30;2510,37;2244,07;18,73
Mirna;1085,41;690,09;3,46;1074,61;716,13;45,07;1215,23;711,18;45,00;1696,61;704,14;71,45;1209,53;741,12;51,52;1338,72;771,14;50,87
Mirna Peč;1223,07;772,71;22,91;902,81;731,54;27,98;1020,06;896,91;48,41;949,15;776,70;54,11;1605,67;889,83;63,00;1040,84;903,90;70,24
Mislinja;1995,19;1307,52;177,10;1479,70;1201,57;144,20;1393,55;1236,46;170,68;1709,62;1367,01;151,76;2065,27;1381,35;231,28;1753,50;1506,89;217,55
Mokronog - Trebelno;1309,10;844,72;5,04;1066,25;858,46;55,23;1005,52;854,09;55,00;981,00;841,56;87,56;1035,93;883,75;63,13;1085,18;923,66;52,34
Moravče;2745,52;1926,08;77,34;2304,10;1966,49;90,68;1722,57;1481,65;74,12;1987,77;1673,15;65,68;2359,14;1336,85;150,27;2195,28;1792,27;136,54
Moravske Toplice;3283,68;2401,21;350,69;2306,04;1968,06;258,53;2397,68;2128,87;276,93;2518,59;2172,08;163,59;2606,65;2247,67;142,09;2788,69;2356,89;135,02
Mozirje;1846,01;1222,87;151,80;1583,24;1333,44;147,12;1490,04;1329,38;156,63;1566,32;1324,87;139,16;4573,91;4200,03;149,13;1689,34;1502,24;122,84
Murska Sobota;14091,62;11265,84;1655,47;13219,31;11134,58;2575,71;16168,12;10589,56;1927,89;13384,92;10961,70;2316,69;13038,40;10331,80;1182,73;13034,72;10175,83;704,32
Muta;1323,56;809,87;138,40;1088,68;779,28;114,58;1122,72;805,35;129,04;1190,71;792,71;110,28;1168,00;809,90;161,36;1378,84;836,15;150,45
Naklo;2463,57;1649,10;47,87;2664,27;1564,45;44,56;3439,32;1511,73;39,97;3065,91;1516,33;40,72;3195,37;1672,59;103,13;3182,49;1695,42;114,39
Nazarje;947,18;553,96;56,42;937,52;661,06;53,45;962,17;689,28;52,18;2270,32;1988,55;42,21;8559,22;7301,65;46,74;2488,95;886,08;41,89
Nova Gorica;18622,28;13807,81;4787,87;16159,20;13866,43;3527,74;17902,26;14171,13;955,90;16086,04;14059,39;2126,42;16950,29;14917,36;2461,73;17331,57;15199,11;1783,89
Novo mesto;18004,63;12383,83;1282,37;31402,82;11836,68;869,33;28580,32;12834,58;717,82;21819,60;11875,55;1502,29;22469,43;12654,02;1231,84;22650,13;12941,93;1356,49
Odranci;750,00;502,13;75,55;1882,44;495,91;65,64;1417,60;475,63;60,08;1076,33;472,25;38,86;1133,80;482,73;30,80;1338,93;489,33;24,13
Oplotnica;1927,02;1304,33;100,41;1465,15;1226,98;133,27;1610,07;1486,89;106,54;1355,00;1153,35;80,68;1892,44;1352,26;65,89;1670,25;1481,50;79,20
Ormož;4808,84;3004,39;437,62;4059,20;3104,95;438,94;4025,76;3295,85;438,19;4177,48;3319,34;242,53;4014,35;3240,75;204,21;4122,93;3229,94;190,54
Osilnica;99,70;44,52;9,55;53,11;33,38;8,78;60,32;49,73;5,00;57,92;38,58;5,30;68,13;43,23;5,32;52,74;21,55;20,01
Pesnica;3176,66;2066,97;37,20;2758,74;2234,43;1,08;2602,75;2317,16;29,87;2666,93;2319,65;20,00;2958,45;2524,38;2,36;3148,73;2558,92;0,55
Piran/Pirano;11829,55;9162,09;642,86;10631,21;9015,40;920,20;13937,00;9420,43;825,50;12104,39;9938,42;753,20;12675,19;10757,41;793,67;13554,53;11571,83;681,53
Pivka;3273,24;2342,07;663,02;3096,47;2723,31;378,08;2825,16;2565,87;269,60;2482,28;2265,31;274,60;3017,49;2674,17;183,40;2585,57;2096,72;116,36
Podčetrtek;1429,23;911,48;75,41;969,18;731,68;57,71;1284,04;1018,18;56,91;1433,58;1009,30;61,37;1351,51;922,66;65,09;1741,01;1109,46;66,78
Podlehnik;655,07;385,19;48,27;565,12;429,17;20,85;443,08;335,33;12,50;496,11;359,97;5,00;614,19;333,21;6,88;496,69;313,01;13,80
Podvelka;997,56;644,15;130,16;788,84;642,46;105,97;700,69;621,20;118,88;669,83;559,33;101,06;766,35;575,85;146,18;745,42;608,50;135,25
Poljčane;2193,33;1521,03;125,97;1633,91;1330,29;125,61;2251,58;1940,04;128,13;1756,01;1446,69;123,54;1814,84;1522,35;112,50;1893,07;1574,87;104,95
Polzela;2960,04;2021,63;148,20;2426,30;2039,47;154,32;2428,43;2190,03;151,45;2394,04;2142,67;133,71;3932,66;3238,23;178,80;2412,84;2007,15;117,88
Postojna;9118,28;6651,19;1586,20;8214,05;7009,18;1021,58;7630,76;6656,26;1020,34;7291,03;6388,72;880,35;7093,17;6186,85;464,67;7841,89;6548,77;824,94
Prebold;2867,14;2094,43;179,12;2491,32;1927,14;123,12;3070,97;2020,96;131,28;3489,91;2259,79;131,99;3965,06;2072,23;151,78;3278,65;1746,25;100,74
Preddvor;1338,09;780,68;33,51;1095,17;856,03;37,02;1039,02;862,53;34,44;1044,06;845,96;28,55;1065,82;826,06;62,51;1074,01;866,91;77,90
Prevalje;2709,37;1682,31;277,58;2265,20;1798,13;210,64;2599,76;1812,11;226,29;2100,54;1794,53;194,24;3420,09;2787,36;296,92;2847,74;2150,94;283,03
Ptuj;15351,37;11816,81;695,20;14324,82;12202,09;314,04;15176,68;11023,07;444,44;13360,29;10513,73;366,01;12627,81;9316,76;2785,09;14491,33;10759,98;919,75
Puconci;2457,55;1569,20;212,50;2160,50;1795,67;230,77;2048,28;1689,92;212,94;2298,36;1641,84;118,25;2195,17;1721,29;99,49;2389,32;1683,47;93,34
Rače - Fram;2957,31;1836,62;207,11;3527,42;3068,92;297,78;3714,40;3254,26;230,94;3644,36;3046,12;201,81;3483,60;2911,96;193,13;3928,59;3163,33;217,25
Radeče;1978,47;1349,90;258,16;1969,76;1381,00;225,19;1928,51;1290,01;264,10;1654,03;1327,12;281,58;2499,03;1393,31;465,75;2508,53;1395,90;491,85
Radenci;2281,88;1511,88;210,82;2300,89;1635,38;186,93;2489,78;1958,07;207,86;3471,41;1920,44;113,59;2842,01;1870,62;104,25;10029,43;9082,14;840,06
Radlje ob Dravi;2690,16;1757,94;308,24;2466,35;1832,47;253,63;2223,57;1801,06;285,15;2309,82;1673,66;243,12;2238,53;1650,80;351,91;2767,52;1769,87;326,83
Radovljica;9775,85;6903,18;1621,18;8479,08;6824,68;1278,45;8705,13;6901,95;1337,91;8844,82;7035,80;1342,49;9498,92;7756,32;1311,81;9382,67;7586,30;1202,13
Ravne na Koroškem;4606,77;2900,77;536,33;3873,13;2887,50;388,92;3883,34;3041,75;414,30;3877,46;3071,01;358,49;4651,13;3582,52;543,55;4199,99;2979,49;508,91
Razkrižje;501,96;310,63;57,93;405,97;325,64;57,01;375,53;326,42;45,40;350,03;312,52;26,94;355,38;316,02;22,12;387,34;309,21;21,72
Rečica ob Savinji;996,80;645,05;86,49;780,67;649,70;73,01;795,27;738,61;75,19;783,19;736,81;66,13;1856,05;1779,87;57,48;783,32;702,52;59,79
Renče - Vogrsko;2369,86;1711,59;88,35;2191,77;1847,04;58,15;2172,37;1903,69;3,52;2033,11;1702,52;1,48;2223,13;1715,34;0,18;2073,61;1725,54;11,92
Ribnica;4220,67;2786,37;134,25;3648,35;2914,26;131,30;3573,75;2791,67;117,69;3704,49;2666,84;114,33;3491,97;2712,30;260,61;3687,18;2701,67;239,08
Ribnica na Pohorju;395,92;226,30;65,92;295,64;226,99;53,85;294,45;229,30;60,44;286,16;218,23;51,42;361,01;250,13;74,28;375,90;271,92;91,97
Rogaška Slatina;4364,91;2686,96;249,74;3953,83;2987,08;235,66;4057,28;3113,56;247,34;4155,17;2982,01;188,40;4004,31;3132,22;198,56;3867,55;3034,43;168,78
Rogašovci;1017,43;554,56;86,32;808,81;634,70;87,44;755,49;624,00;76,94;805,80;605,62;45,52;847,84;660,47;44,20;935,58;669,45;39,38
Rogatec;1036,90;570,41;52,14;800,03;628,34;49,46;769,66;656,84;51,74;765,58;622,01;37,19;715,08;605,08;40,23;779,74;602,07;35,10
Ruše;3790,61;2729,47;41,32;3717,17;3210,42;-;3419,00;2897,89;38,00;3403,22;2757,41;20,00;3345,06;2764,99;0,04;3830,40;3133,08;-
Selnica ob Dravi;1892,86;1217,55;19,05;1160,23;832,31;-;1560,05;1313,14;18,00;1510,69;1271,65;10,00;1584,62;1382,74;-;1098,36;850,51;-
Semič;1716,94;1138,28;103,78;1467,10;1211,84;92,32;1461,56;1247,84;74,51;1718,79;1233,89;115,16;1744,44;1269,50;142,57;1560,39;1281,66;189,07
Sevnica;8095,47;5443,99;275,65;7183,89;5546,97;122,59;7605,22;5454,02;162,95;6779,28;5325,65;295,80;7266,26;5477,62;184,73;7871,21;5536,55;136,20
Sežana;6556,24;4517,19;37,19;5543,00;4407,09;387,34;5575,77;4287,33;401,76;5581,74;4264,93;548,40;5931,95;4548,51;1105,26;5977,37;4594,61;1159,89
Slovenj Gradec;7739,82;5237,14;711,77;6618,30;4812,66;576,78;7143,09;4901,91;682,75;7446,07;5072,79;607,03;8194,47;5211,08;925,13;8026,53;5558,38;870,21
Slovenska Bistrica;11140,62;7267,27;709,13;9780,37;7749,30;647,26;10467,08;7503,41;720,12;11082,36;8482,98;916,29;12329,88;9592,57;816,37;12177,02;9177,33;747,95
Slovenske Konjice;6998,38;4737,85;375,21;6184,95;5061,46;363,99;8031,98;5179,30;382,51;6604,60;5079,84;324,34;6910,39;5415,13;307,65;6933,56;5543,84;301,69
Sodražica;895,31;564,97;19,78;708,20;574,47;21,82;681,48;577,83;19,23;635,59;542,02;19,77;802,12;569,16;47,30;685,52;554,11;48,93
Solčava;247,36;169,41;13,64;173,72;144,91;11,27;150,38;137,91;11,13;160,37;151,99;11,33;205,01;186,11;10,62;201,06;184,21;10,41
Središče ob Dravi;758,54;464,39;68,31;585,67;475,21;65,81;613,39;517,40;67,89;552,33;467,38;35,98;582,50;514,93;32,07;616,84;507,31;28,55
Starše;2088,37;1483,62;19,97;2384,87;2154,98;-;1687,19;1552,04;18,00;1849,38;1636,00;20,00;1883,87;1667,18;-;2332,00;1817,57;2,60
Straža;1670,91;1081,08;41,36;1313,62;1066,68;44,84;1377,39;1186,82;73,14;1327,89;1108,43;86,02;1940,60;1241,50;112,81;1599,36;1357,06;122,51
Sveta Ana;784,28;437,96;31,95;614,19;480,63;163,47;510,67;427,53;114,13;557,81;459,90;59,67;680,63;434,61;30,44;635,43;475,12;46,83
Sveta Trojica v Slov. goricah;760,94;446,88;83,85;667,07;537,84;56,61;601,86;512,21;69,60;685,24;530,88;52,72;693,48;537,81;33,37;775,66;586,48;48,78
Sveti Andraž v Slov. goricah;438,51;259,54;27,37;316,85;251,40;11,74;297,76;268,77;7,00;542,23;269,75;5,00;283,33;250,65;7,54;344,35;224,27;8,12
Sveti Jurij ob Ščavnici;878,66;458,30;64,66;846,11;573,41;61,85;1030,14;827,43;67,71;750,12;541,57;43,17;843,61;594,86;48,04;996,13;678,34;50,44
Sveti Jurij v Slov. goricah;657,58;343,52;41,90;529,31;412,74;56,89;464,80;405,51;48,21;930,26;392,90;44,80;474,84;378,92;26,67;504,40;422,18;32,86
Sveti Tomaž;593,73;292,48;44,64;470,27;311,40;45,20;435,24;333,48;43,12;463,07;332,71;20,31;471,56;342,42;20,61;433,16;330,54;21,34
Šalovci;454,34;245,82;41,41;326,21;250,28;41,62;325,47;272,29;46,96;323,87;258,67;19,88;365,95;271,23;18,96;430,77;309,86;19,72
Šempeter - Vrtojba;4344,01;3402,73;144,48;4421,64;3647,96;96,69;4045,72;2838,46;131,57;4420,22;3194,93;142,14;4813,47;2979,74;149,16;4640,24;2914,54;127,95
Šenčur;4022,48;2702,32;74,08;3393,01;2793,37;76,74;4163,60;2578,41;70,00;3078,99;2589,31;74,97;3910,38;2788,84;179,84;3535,92;2919,51;208,18
Šentilj;4019,58;2754,44;60,38;3031,58;2427,56;-;3391,37;2699,45;40,66;3466,95;2728,64;314,31;3055,15;2311,01;97,35;4494,81;3073,53;289,02
Šentjernej;3137,80;2058,72;424,66;2541,67;2028,10;39,62;2777,59;2245,79;128,85;2695,75;2073,88;174,91;2796,04;2147,55;212,63;2862,35;2296,67;255,42
Šentjur;9393,63;6500,91;602,05;6680,96;5403,63;482,13;7245,81;6204,62;494,56;7595,45;6186,87;425,31;8136,03;6326,58;521,09;5809,66;4688,01;408,88
Šentrupert;1149,02;700,02;3,72;905,99;710,25;45,77;1073,36;708,10;45,00;1161,08;696,24;72,56;1171,08;731,13;52,32;1108,77;759,67;51,66
Škocjan;1410,96;909,19;34,15;1056,55;855,64;37,07;1161,96;1023,86;58,38;1384,13;938,98;81,14;1413,78;1032,28;99,13;1255,79;1027,90;99,09
Škofja Loka;10578,31;7077,97;779,33;9404,65;6443,60;902,31;12821,12;6919,13;863,17;11605,67;6671,60;902,31;12217,36;7221,27;809,47;13012,78;6870,72;866,25
Škofljica;4212,20;2490,53;115,10;3653,31;2774,82;104,00;3544,45;2806,62;78,50;3084,65;2615,84;103,23;3426,01;2716,83;229,22;3642,67;2872,76;240,71
Šmarje pri Jelšah;4663,00;3113,36;299,70;3453,29;2761,57;218,27;3635,10;2867,91;214,70;3562,55;2767,37;175,34;4517,10;2843,44;183,21;3625,98;2918,85;152,10
Šmarješke Toplice;1491,49;978,86;38,77;1233,84;956,50;44,07;1370,68;1111,17;74,15;1265,65;1032,11;84,86;1539,73;1134,57;100,85;1473,91;1170,56;112,25
Šmartno ob Paki;1374,01;880,84;64,63;1115,60;926,70;57,09;988,08;877,27;44,15;1343,25;947,54;58,06;1403,79;1064,88;62,24;1245,69;1030,57;51,58
Šmartno pri Litiji;2110,59;1261,89;70,39;1724,78;1304,94;85,85;2127,91;1372,87;54,40;1607,38;1200,99;60,81;1606,89;1170,86;105,91;1838,57;1434,65;92,90
Šoštanj;3829,34;2512,34;246,25;3092,28;2489,04;195,76;2955,96;2448,23;189,78;3109,43;2448,97;172,78;3286,08;2645,30;174,85;3165,55;2592,93;156,72
Štore;2394,53;1704,60;186,38;2035,90;1687,92;174,58;2178,63;1751,27;185,24;2517,00;1949,90;168,33;2543,61;2055,45;213,86;2288,94;1705,17;164,59
Tabor;727,77;477,64;43,20;587,94;484,45;34,85;510,87;460,56;35,72;596,78;548,77;28,96;805,44;615,29;34,85;437,00;357,55;25,42
Tišina;1654,13;1055,56;196,73;1396,09;1169,93;238,92;1285,72;1166,91;176,79;1515,50;1148,54;104,03;1409,51;1164,82;87,56;1574,13;1185,57;83,92
Tolmin;5090,92;3427,75;733,23;3947,95;3235,88;358,29;3840,43;3303,88;167,81;3611,29;3186,16;410,12;4326,93;3346,24;478,27;4084,60;3386,98;401,95
Trbovlje;8551,26;6133,32;1337,15;7575,76;6340,00;1252,82;8961,40;6102,82;860,49;7967,68;5995,29;843,38;8908,18;6119,38;1912,87;8603,33;6325,95;2239,35
Trebnje;4825,38;2862,63;14,98;4161,99;3099,43;140,65;4381,47;3026,67;46,70;4549,62;3019,02;206,52;4527,65;3177,46;32,55;4899,30;3321,48;411,98
Trnovska vas;533,33;329,79;24,67;441,07;345,62;12,15;507,06;414,68;7,25;756,78;392,28;5,00;520,89;420,62;29,61;511,38;430,09;8,14
Trzin;3502,73;2911,25;116,01;3402,92;2946,05;136,01;3553,96;2555,97;111,20;4210,58;3126,91;99,69;4680,08;2846,59;224,89;4808,45;2654,73;202,57
Tržič;6083,49;3839,39;706,89;4595,87;3242,55;551,29;5154,06;4252,44;762,66;6403,71;4346,60;546,29;6644,32;4366,87;353,01;5542,44;4569,99;370,37
Turnišče;1230,48;752,53;129,64;1008,07;798,10;117,88;967,36;746,99;102,48;1031,32;775,36;55,61;1550,51;793,49;48,31;1927,62;803,89;45,84
Velenje;16928,13;11876,34;1024,37;19564,99;13325,25;915,25;26536,67;11845,95;928,03;24094,37;11447,80;771,81;25735,94;11957,60;828,37;27173,06;11554,35;671,74
Velika Polana;532,13;319,24;48,83;417,99;339,01;50,25;385,87;342,41;55,61;560,94;407,95;34,28;542,37;310,66;30,79;713,51;306,86;28,30
Velike Lašče;1631,14;970,30;45,52;1338,96;1081,64;61,91;1345,19;1216,28;60,67;1293,81;1158,72;60,35;1376,79;1248,83;142,30;1553,13;1383,52;167,94
Veržej;697,93;503,43;80,44;615,03;493,14;78,09;675,49;511,68;73,42;656,85;497,74;42,30;688,03;534,84;38,04;736,04;536,79;37,51
Videm;1972,90;1130,53;104,75;1609,31;1263,61;50,58;1593,79;1346,31;45,41;1508,14;1230,09;40,00;1881,64;1419,72;5,77;1694,47;1407,29;34,88
Vipava;2822,68;1973,23;69,32;2778,50;2374,96;79,32;2897,83;2525,32;67,74;3984,88;3627,73;66,72;2772,90;2444,66;152,90;2576,73;2122,93;159,84
Vitanje;658,31;318,17;59,63;605,10;476,06;57,13;724,00;651,16;468,32;635,75;468,24;33,85;924,87;422,47;48,64;585,14;469,26;78,36
Vodice;2442,32;1693,88;58,90;1889,24;1590,15;67,86;1904,08;1726,72;61,61;1982,35;1645,45;61,42;2630,60;1793,69;145,81;2206,76;1898,66;140,97
Vojnik;4560,24;3226,50;233,52;4038,93;3443,29;217,98;4563,00;4056,73;189,06;4357,38;3425,52;164,52;4722,62;3784,03;217,53;4211,56;3624,41;156,36
Vransko;1293,27;898,24;83,76;1110,17;895,76;68,64;1027,46;819,16;65,60;1215,42;983,63;61,23;1294,12;1032,65;75,88;1362,99;1067,01;65,22
Vrhnika;9087,72;6456,44;111,64;8058,01;6589,54;123,36;7764,93;6613,05;112,91;7726,68;6435,78;110,28;7179,03;6225,51;266,01;7842,82;6569,57;265,56
Vuzenica;982,61;583,36;111,55;793,25;611,77;92,34;688,32;569,68;103,92;732,64;547,66;88,72;848,44;612,20;129,48;865,74;634,95;120,56
Zagorje ob Savi;7851,18;5370,52;1238,80;6900,49;5528,73;1191,42;6501,23;5544,06;1430,97;6007,17;5285,27;1484,92;6196,49;5182,62;2120,32;6685,94;5343,78;2234,68
Zavrč;442,68;211,54;18,84;316,31;234,42;9,48;280,99;244,34;5,00;280,02;214,31;5,00;316,45;228,75;5,34;304,54;200,19;6,45
Zreče;2587,14;1606,37;199,56;2217,43;1595,34;163,73;3087,73;2164,41;140,63;2898,97;1826,31;218,46;2520,23;1476,83;136,96;3017,39;2093,04;308,78
Žalec;11030,50;7800,20;734,48;10683,67;8513,61;698,53;11803,74;9370,74;696,95;11603,48;8868,37;575,96;13652,92;10591,35;702,06;11123,83;8822,23;525,65
Železniki;2315,93;1305,90;146,85;1928,02;1278,71;11,23;1877,40;1307,18;97,20;1741,41;1230,26;100,00;1700,44;1257,36;212,51;1752,98;1207,35;144,33
Žetale;458,67;263,12;19,64;332,49;258,70;9,32;335,88;295,82;5,50;321,71;277,81;5,00;323,84;276,82;11,66;355,65;284,38;6,48
Žiri;2339,45;1598,40;72,04;1830,19;1235,69;72,21;1810,07;1226,43;43,83;2009,28;1539,42;45,30;2014,12;1493,14;105,70;2054,82;1450,50;110,07
Žirovnica;1965,43;1304,44;388,22;2695,93;2432,94;468,80;2090,77;1876,76;484,46;2176,58;1899,73;406,18;2149,54;1835,95;429,54;2119,19;1831,48;321,21
Žužemberk;2072,96;1372,17;87,49;1613,56;1316,97;73,94;1675,27;1492,94;90,13;1501,67;1305,30;107,01;1694,57;1504,62;139,94;1799,52;1574,27;169,35
;;;;;;;;;;;;;;;;;;
;;;;;;;;;;;;;;;;;;
;;;;;;;;;;;;;;;;;;
;;;;;;;;;;;;;;;;;;
;;;;;;;;;;;;;;;;;;
;;;;;;;;;;;;;;;;;;
;;;;;;;;;;;;;;;;;;
;;;;;;;;;;;;;;;;;;
;;;;;;;;;;;;;;;;;;
;;;;;;;;;;;;;;;;;;
;;;;;;;;;;;;;;;;;;
;;;;;;;;;;;;;;;;;;
;;;;;;;;;;;;;;;;;;
;;;;;;;;;;;;;;;;;;
;;;;;;;;;;;;;;;;;;
;;;;;;;;;;;;;;;;;;
;;;;;;;;;;;;;;;;;;
;;;;;;;;;;;;;;;;;;
;;;;;;;;;;;;;;;;;;
;;;;;;;;;;;;;;;;;;
;;;;;;;;;;;;;;;;;;
;;;;;;;;;;;;;;;;;;
;;;;;;;;;;;;;;;;;;
;;;;;;;;;;;;;;;;;;
;;;;;;;;;;;;;;;;;;
;;;;;;;;;;;;;;;;;;
;;;;;;;;;;;;;;;;;;
;;;;;;;;;;;;;;;;;;
;;;;;;;;;;;;;;;;;;
;;;;;;;;;;;;;;;;;;
Podatkovna baza:;;;;;;;;;;;;;;;;;;
SI-STAT;;;;;;;;;;;;;;;;;;
;;;;;;;;;;;;;;;;;;
ID tabele:;;;;;;;;;;;;;;;;;;
2706104S;;;;;;;;;;;;;;;;;;
